{
  "best_trial": 88,
  "best_win_rate": 0.88,
  "best_weights": {
    "DamageMax": 3.6542048912900738,
    "KOSeeking": 1.7823640417828523,
    "KOAvoidance": 0.8824756030194366,
    "TypePositioning": 2.315591969515063,
    "DamageMin": 1.5521479306923003,
    "SpeedAdvantage": 3.313930432691471,
    "StatusSpreading": 1.1048224618982925,
    "ProtectPrediction": 4.314479083185647
  },
  "n_trials": 200,
  "opponent": "random",
  "games_per_trial": 50,
  "mcts_iterations": 1000
}