{
  "Weights": {
    "DamageMax": 3.389170719359381,
    "KOSeeking": 0.3359803112635107,
    "KOAvoidance": 1.7570082892063672,
    "TypePositioning": 1.552561205143041,
    "DamageMin": 4.194290041938661,
    "SpeedAdvantage": 3.3555210694708784,
    "StatusSpreading": 1.6581417293733542,
    "ProtectPrediction": 3.1816395058725337,
    "SwitchMomentum": 1.2280954299007008
  }
}